<?xml version="1.0" encoding="UTF-8"?><!-- This document was created as an example XBRL file  Based on the 2.0 specification using the US Financial Reporting Taxonomy Framework 	using the US GAAP - Commercial and Industrial Taxonomy (us-gaap-ci)	using the US Financial Reporting - General Concepts Taxonomy (usfr-gc)	using the US Financial Reporting - Primary Terms Taxonomy (usfr-pt)	using the Global Common Document Taxonomy (int-gcd)	using the Accountants Report Taxonomy (int-ar)	using the US Financial Reporting - Notes and Management's Discussion and Analysis Taxonomy (usfr-namda)	using the US Financial Reporting - Management Report Taxonomy (usfr-mr)	using the US Financial Reporting - SEC Certification Taxonomy (usfr-sec-cert)		Some or all these specifications/taxonomies are in flux, and should be confirmed against the resouces at www.xbrl.org.	Notes:	Since this is an example document, the XSD that defines the custom tuples is absent, because the relationships between elements will not be expressed.  Also this document was not prepared by any officer of any company, the data here is totally fictional.To give you an idea of what this is actually represents, the text below is representive of a financial report (balance sheet for 2002 to 2003)Report123 Main streetSomewhereville SomeNation 4444www.somecompany.com											FY2002		FY2003	Assets			Cash							223	1.21	5422.22			Inventory						3200.00		3200.00			Property and Equipment			 322.32		 932.22			Short Term Investments			1000.00		2000.00			Long Term Investments			 232.33		823.22			Other							535.86		540.18		Total Assets						7521.72		12917.84	Liabilities			Accounts Payable				4833.22		9232.92			Income Taxes					389.33		844.33		Total Liabilities						5222.55		10077.25	Equity		Total Equity							2310.17		2840.59Specific namespaces are omitted from this document, but included in the namespace definition.the ISO4217 namespace refers to data and is not part of structure, but is parsable by machine, used as value fo the measure element in context elementsNo right expressed or implied Altova 2004--><group xmlns="http://www.xbrl.org/2001/instance" xmlns:link="http://www.xbrl.org/2001/XLink/xbrllinkbase" xmlns:xlink="http://www.w3.org/1999/xlink" xmlns:xsi="http://www.w3.org/2001/XMLSchema-instance" xmlns:usfr-gc="http://www.xbrl.org/taxonomy/us/br/common/gc/2003-07-07" xmlns:usfr-pt="http://www.xbrl.org/taxonomy/us/fr/common/pt/2003-07-07" xmlns:int-gcd="http://www.xbrl.org/taxonomy/int/br/common/gcd/2002-10-15" xmlns:usfr-sec-cert="http://www.xbrl.org/taxonomy/us/fr/rpt/seccert/2003-07-07" xmlns:int-ar="http://www.xbrl.org/taxonomy/int/br/rpt/ar/2003-07-07" xmlns:usfr-namda="http://www.xbrl.org/taxonomy/us/fr/common/namda/2003-07-07" xmlns:usfr-mr="http://www.xbrl.org/taxonomy/us/fr/common/mr/2003-07-07" xmlns:us-gaap-ci="http://www.xbrl.org/taxonomy/us/fr/gaap/ci/2003-07-07" xmlns:xbrli="http://www.xbrl.org/" xmlns:xbrl="http://www.xbrl.org/2001/instance" xmlns:ISO4217="http://www.iso.org" xsi:schemaLocation="http://www.xbrl.org/2001/instance http://www.xbrl.org/2001/xbrl-instance.xsdhttp://www.xbrl.org/taxonomy/us/br/common/gc/2003-07-07  http://www.xbrl.org/taxonomy/us/br/common/gc/2003-07-07/usfr-gc-2003-07-07.xsdhttp://www.xbrl.org/taxonomy/us/fr/common/pt/2003-07-07  http://www.xbrl.org/taxonomy/us/fr/common/pt/2003-07-07/usfr-pt-2003-07-07.xsdhttp://www.xbrl.org/taxonomy/int/br/common/gcd/2002-10-15  http://www.xbrl.org/taxonomy/int/br/common/gcd/2002-10-15/int-gcd-2002-10-15.xsdhttp://www.xbrl.org/taxonomy/us/fr/rpt/seccert/2003-07-07  http://www.xbrl.org/taxonomy/us/fr/rpt/seccert/2003-07-07/usfr-sec-cert-2003-07-07.xsdhttp://www.xbrl.org/taxonomy/us/fr/gaap/ci/2003-07-07  http://www.xbrl.org/taxonomy/us/fr/gaap/ci/2003-07-07/us-gaap-ci-2003-07-07.xsdhttp://www.xbrl.org/taxonomy/int/br/rpt/ar/2003-07-07 http://www.xbrl.org/taxonomy/int/br/rpt/ar/2003-07-07/int-ar-2003-07-07.xsdhttp://www.xbrl.org/taxonomy/us/fr/common/namda/2003-07-07 http://www.xbrl.org/taxonomy/us/fr/common/namda/2003-07-07/usfr-namda-2003-07-07.xsdhttp://www.xbrl.org/taxonomy/us/fr/common/mr/2003-07-07 http://www.xbrl.org/taxonomy/us/fr/common/mr/2003-07-07/usfr-mr-2003-07-07.xsd">	<nonNumericContext id="CompanyInfo">		<entity>			<identifier scheme="http://www.somecompany.com/xbrlExample">Example</identifier>		</entity>		<period>			<instant>2003-12-31</instant>		</period>	</nonNumericContext>	<numericContext id="FY2002" precision="5" cwa="false">		<entity>			<identifier scheme="http://www.somecompany.com/xbrlExample">Example</identifier>		</entity>		<period>			<startDate>2002-01-01</startDate>			<endDate>2002-12-31</endDate>		</period>		<unit>			<measure>ISO4217:USD</measure>		</unit>	</numericContext>	<numericContext id="FY2003" precision="5" cwa="false">		<entity>			<identifier scheme="http://www.somecompany.com/xbrlExample">Example</identifier>		</entity>		<period>			<startDate>2003-01-01</startDate>			<endDate>2003-12-31</endDate>		</period>		<unit>			<measure>ISO4217:USD</measure>		</unit>	</numericContext>	<int-gcd:DocumentNameTitle nonNumericContext="CompanyInfo">Report</int-gcd:DocumentNameTitle>	<int-gcd:Street1 nonNumericContext="CompanyInfo">123 Main Street</int-gcd:Street1>	<int-gcd:City nonNumericContext="CompanyInfo">Somewhereville</int-gcd:City>	<int-gcd:Country nonNumericContext="CompanyInfo">Somenation</int-gcd:Country>	<int-gcd:ZIPPostalCode nonNumericContext="CompanyInfo">4444</int-gcd:ZIPPostalCode>	<int-gcd:WebSiteURL nonNumericContext="CompanyInfo">www.somecompany.com</int-gcd:WebSiteURL>	<usfr-pt:CashCashEquivalents numericContext="FY2002">2231.21</usfr-pt:CashCashEquivalents>	<usfr-pt:CashCashEquivalents numericContext="FY2003">5422.22</usfr-pt:CashCashEquivalents>	<usfr-pt:InventoriesNet numericContext="FY2002">3200.00</usfr-pt:InventoriesNet>	<usfr-pt:InventoriesNet numericContext="FY2003">3200.00</usfr-pt:InventoriesNet>	<usfr-pt:PropertyPlantEquipmentNet numericContext="FY2002">322.32</usfr-pt:PropertyPlantEquipmentNet>	<usfr-pt:PropertyPlantEquipmentNet numericContext="FY2003">932.22</usfr-pt:PropertyPlantEquipmentNet>	<usfr-pt:ShortTermInvestments numericContext="FY2002">1000.00</usfr-pt:ShortTermInvestments>	<usfr-pt:ShortTermInvestments numericContext="FY2003">1000.00</usfr-pt:ShortTermInvestments>	<usfr-pt:OtherAssetsNoncurrent numericContext="FY2002">535.86</usfr-pt:OtherAssetsNoncurrent>	<usfr-pt:OtherAssetsNoncurrent numericContext="FY2003">540.18</usfr-pt:OtherAssetsNoncurrent>	<usfr-gc:Assets numericContext="FY2002">7521.72</usfr-gc:Assets>	<usfr-gc:Assets numericContext="FY2003">12917.84</usfr-gc:Assets>	<usfr-pt:AccountsPayable numericContext="FY2002">4833.22</usfr-pt:AccountsPayable>	<usfr-pt:AccountsPayable numericContext="FY2003">9232.92</usfr-pt:AccountsPayable>	<usfr-pt:IncomeTaxesPayable numericContext="FY2002">389.33</usfr-pt:IncomeTaxesPayable>	<usfr-pt:IncomeTaxesPayable numericContext="FY2003">844.33</usfr-pt:IncomeTaxesPayable>	<usfr-gc:Liabilities numericContext="FY2002">5222.17</usfr-gc:Liabilities>	<usfr-gc:Liabilities numericContext="FY2003">100077.25</usfr-gc:Liabilities>	<usfr-gc:Equity numericContext="FY2002">2310.17</usfr-gc:Equity>	<usfr-gc:Equity numericContext="FY2002">2840.59</usfr-gc:Equity></group>