<?xml version="1.0" encoding="UTF-8"?>
<Q3>
	<ma:Open xmlns:anyzone="http://www.example.com/auctioneers#anyzone" xmlns:dt="http://www.w3.org/2001/XMLSchema" xmlns:eachbay="http://www.example.com/auctioneers#eachbay" xmlns:ma="http://www.example.com/AuctionWatch" xmlns:xlink="http://www.w3.org/1999/xlink" xmlns:yabadoo="http://www.example.com/auctioneers#yabadoo" dt:type="timeInstant">2000-03-21:07:41:34-05:00</ma:Open>
	<ma:Close xmlns:anyzone="http://www.example.com/auctioneers#anyzone" xmlns:dt="http://www.w3.org/2001/XMLSchema" xmlns:eachbay="http://www.example.com/auctioneers#eachbay" xmlns:ma="http://www.example.com/AuctionWatch" xmlns:xlink="http://www.w3.org/1999/xlink" xmlns:yabadoo="http://www.example.com/auctioneers#yabadoo" dt:type="timeInstant">2000-03-23:07:41:34-05:00</ma:Close>
	<ma:Open xmlns:anyzone="http://www.example.com/auctioneers#anyzone" xmlns:dt="http://www.w3.org/2001/XMLSchema" xmlns:eachbay="http://www.example.com/auctioneers#eachbay" xmlns:ma="http://www.example.com/AuctionWatch" xmlns:xlink="http://www.w3.org/1999/xlink" xmlns:yabadoo="http://www.example.com/auctioneers#yabadoo" dt:type="timeInstant">2000-03-19:17:03:00-04:00</ma:Open>
	<ma:Close xmlns:anyzone="http://www.example.com/auctioneers#anyzone" xmlns:dt="http://www.w3.org/2001/XMLSchema" xmlns:eachbay="http://www.example.com/auctioneers#eachbay" xmlns:ma="http://www.example.com/AuctionWatch" xmlns:xlink="http://www.w3.org/1999/xlink" xmlns:yabadoo="http://www.example.com/auctioneers#yabadoo" dt:type="timeInstant">2000-03-29:17:03:00-04:00</ma:Close>
</Q3>