<?xml version="1.0" encoding="UTF-8"?>
<!-- edited with XML Spy v5 beta 1 U (http://www.xmlspy.com) by Alexander Falk (Altova, Inc.) -->
<?altova_sps http://www.altova.com/sps/template/P3P/p3p.sps?>
<META xmlns="http://www.w3.org/2002/01/P3Pv1" xmlns:xsi="http://www.w3.org/2001/XMLSchema-instance" xsi:schemaLocation="http://www.w3.org/2002/01/P3Pv1
http://www.w3.org/2002/01/P3Pv1.xsd">
	<POLICY-REFERENCES>
		<POLICY-REF about="#WebsitePolicy">
			<INCLUDE>/*</INCLUDE>
		</POLICY-REF>
	</POLICY-REFERENCES>
	<POLICIES xmlns="http://www.w3.org/2002/01/P3Pv1">
		<POLICY name="WebsitePolicy" discuri="http://www.xmlspy.com/privacy.html" opturi="http://www.xmlspy.com/privacy.html">
			<ENTITY>
				<DATA-GROUP>
					<DATA ref="#business.name">Altova GmbH</DATA>
					<DATA ref="#business.contact-info.postal.street">Rudolfsplatz 13a/9</DATA>
					<DATA ref="#business.contact-info.postal.city">Wien</DATA>
					<DATA ref="#business.contact-info.postal.postalcode">A-1010</DATA>
					<DATA ref="#business.contact-info.postal.country">Austria</DATA>
					<DATA ref="#business.contact-info.telecom.telephone">+43 (1) 545-5155</DATA>
					<DATA ref="#business.contact-info.online.email">office@altova.com</DATA>
				</DATA-GROUP>
			</ENTITY>
			<ACCESS>
				<other-ident/>
			</ACCESS>
			<DISPUTES-GROUP>
				<DISPUTES resolution-type="service" service="http://www.xmlspy.com/privacy.html">
					<REMEDIES>
						<correct/>
					</REMEDIES>
				</DISPUTES>
			</DISPUTES-GROUP>
			<STATEMENT>
				<CONSEQUENCE>We use your personal information for four primary purposes:
 1. To help us create and deliver content most relevant to you.  
 2. To help you find software, Services or information on our site.  
 3. To relieve you from having to provide your personal information more than once.  
 4. To notify you by e-mail about product upgrades, updated information, special offers and other new Services (you will at any time be able to unsubscribe from such mailings by following the instructions at the bottom of our message).  
</CONSEQUENCE>
				<PURPOSE>
					<current/>
					<admin/>
					<develop/>
					<pseudo-analysis/>
					<pseudo-decision/>
					<individual-analysis/>
					<contact required="opt-out"/>
				</PURPOSE>
				<RECIPIENT>
					<ours>
						<recipient-description>Altova will disclose your personal information, without notice, only if required to do so by law or in the good faith belief that such action is necessary to: (a) comply with the law, subpoena, court order or other legal process; (b) protect and defend the rights or property of Altova and its family of Web sites, and (c) protect the personal safety of users of Altova, its Web sites, or the public.</recipient-description>
					</ours>
				</RECIPIENT>
				<RETENTION>
					<legal-requirement/>
				</RETENTION>
				<DATA-GROUP>
					<DATA ref="#user.name" optional="yes"/>
					<DATA ref="#user.employer" optional="yes"/>
					<DATA ref="#user.jobtitle" optional="yes"/>
					<DATA ref="#user.business-info" optional="yes"/>
					<DATA ref="#dynamic.clickstream"/>
					<DATA ref="#dynamic.http"/>
					<DATA ref="#dynamic.searchtext"/>
					<DATA ref="#dynamic.cookies">
						<CATEGORIES>
							<uniqueid/>
							<state/>
						</CATEGORIES>
					</DATA>
					<DATA ref="#dynamic.miscdata">
						<CATEGORIES>
							<physical/>
							<online/>
							<purchase/>
							<financial/>
							<navigation/>
						</CATEGORIES>
					</DATA>
				</DATA-GROUP>
			</STATEMENT>
		</POLICY>
	</POLICIES>
</META>
