<?xml version="1.0" encoding="UTF-8"?><!-- Source: http://www.w3.org/TR/xquery-use-cases/#xmp-data --><!-- Chapter: 1.1.8 Sample Data for Q10 --><!DOCTYPE prices SYSTEM "prices.dtd"><prices>	<book>		<title>Advanced Programming in the Unix environment</title>		<source>bstore2.example.com</source>		<price>65.95</price>	</book>	<book>		<title>Advanced Programming in the Unix environment</title>		<source>bstore1.example.com</source>		<price>65.95</price>	</book>	<book>		<title>TCP/IP Illustrated</title>		<source>bstore2.example.com</source>		<price>65.95</price>	</book>	<book>		<title>TCP/IP Illustrated</title>		<source>bstore1.example.com</source>		<price>65.95</price>	</book>	<book>		<title>Data on the Web</title>		<source>bstore2.example.com</source>		<price>34.95</price>	</book>	<book>		<title>Data on the Web</title>		<source>bstore1.example.com</source>		<price>39.95</price>	</book></prices>