<?xml version="1.0" encoding="UTF-8"?>
<books-with-prices>
	<book-with-prices>
		<title>TCP/IP Illustrated</title>
		<price-bstore2>65.95</price-bstore2>
		<price-bstore1> 65.95</price-bstore1>
	</book-with-prices>
	<book-with-prices>
		<title>Advanced Programming in the Unix environment</title>
		<price-bstore2>65.95</price-bstore2>
		<price-bstore1>65.95</price-bstore1>
	</book-with-prices>
	<book-with-prices>
		<title>Data on the Web</title>
		<price-bstore2>34.95</price-bstore2>
		<price-bstore1>39.95</price-bstore1>
	</book-with-prices>
</books-with-prices>