<?xml version="1.0" encoding="UTF-8"?>
<!-- edited with XMLSPY v5 rel. 4 U (http://www.xmlspy.com) by Enterprise (Altova) -->
<!-- edited with XML Spy v4.0 NT beta 2 build Jul 26 2001 (http://www.xmlspy.com) by Vladislav Gavrielov (Altova) -->
<?altova_sps Conditional.sps?>
<OrgChart xmlns:ipo="http://www.altova.com/IPO" xmlns="http://www.xmlspy.com/schemas/orgchart" xmlns:xsi="http://www.w3.org/2001/XMLSchema-instance" xsi:schemaLocation="http://www.xmlspy.com/schemas/orgchart 
Conditional.xsd">
	<CompanyLogo href="nanonull.gif"/>
	<Name>Organization Chart</Name>
	<Office>
		<Name>Nanonull, Inc.</Name>
		<Established>1992-04-01</Established>
		<Desc>
			<para>
				<strong>Due to the fact </strong>that nanoelectronic software components are so small that <strong>nobody can see </strong>it the company is not well known to the public.</para>
		</Desc>
		<Address AddressKind="US">
			<ipo:street>119 Oakstreet, Suite 4876</ipo:street>
			<ipo:city>Vereno</ipo:city>
			<ipo:state>DC</ipo:state>
			<ipo:zip>29213</ipo:zip>
		</Address>
		<CustomerSupport>false</CustomerSupport>
		<StandardSupport>no</StandardSupport>
		<PaidSupport>no</PaidSupport>
		<Department InternetConnection="false">
			<Name>Marketing</Name>
			<Person>
				<First>Joe</First>
				<Last>Firstbread</Last>
				<Title>Marketing Manager Europe</Title>
				<PhoneExt>621</PhoneExt>
				<EMail>j.firstbread@nanonull.com</EMail>
			</Person>
			<Person>
				<First>Steve</First>
				<Last>Meier</Last>
				<Title>Office Admin</Title>
				<PhoneExt>114</PhoneExt>
				<EMail>s.meier@nanonull.com</EMail>
			</Person>
			<Person>
				<First>Max</First>
				<Last>Nafta</Last>
				<Title>PR &amp; Marketing</Title>
				<PhoneExt>122</PhoneExt>
				<EMail>m.nafta@nanonull.com</EMail>
			</Person>
			<Person>
				<First>Fred</First>
				<Last>Landis</Last>
				<Title>Program Manager</Title>
				<PhoneExt>951</PhoneExt>
				<EMail>f.landis@nanonull.com</EMail>
			</Person>
		</Department>
	</Office>
	<Office>
		<Name>Nanonull Partners</Name>
		<Established>2001-03-01</Established>
		<Desc>
			<para>This subsidiary primarily is responsible for marketing, technical support and sales to key customers and partner networks.</para>
		</Desc>
		<Address AddressKind="Japan">
			<ipo:street>9865 Millenium Center, Suite 456</ipo:street>
			<ipo:city>Brenton</ipo:city>
			<ipo:state>MA</ipo:state>
			<ipo:zip>05985</ipo:zip>
		</Address>
		<CustomerSupport>false</CustomerSupport>
		<StandardSupport>no</StandardSupport>
		<PaidSupport>no</PaidSupport>
		<Department InternetConnection="false">
			<Name>Administration</Name>
			<Person>
				<First>Steve</First>
				<Last>Meier</Last>
				<Title>Office Manager</Title>
				<PhoneExt>114</PhoneExt>
			</Person>
		</Department>
		<Department InternetConnection="false">
			<Name>Marketing</Name>
			<Person>
				<First>Max</First>
				<Last>Nafta</Last>
				<Title>PR &amp; Marketing Manager US</Title>
				<PhoneExt>122</PhoneExt>
				<EMail>m.nafta@nanonull.com</EMail>
			</Person>
		</Department>
	</Office>
	<Office>
		<Name>Nanonull, Europe</Name>
		<Established>2002-11-11</Established>
		<Desc>
			<para/>
		</Desc>
		<Address AddressKind="European">
			<ipo:street>Kings Cross</ipo:street>
			<ipo:city>London</ipo:city>
			<ipo:state>AK</ipo:state>
			<ipo:zip>3445</ipo:zip>
		</Address>
		<CustomerSupport>false</CustomerSupport>
		<StandardSupport>no</StandardSupport>
		<PaidSupport>no</PaidSupport>
		<Department InternetConnection="false">
			<Name>Sales</Name>
			<Person>
				<First>Fred</First>
				<Last>Bloggs</Last>
				<Title>Sir</Title>
				<PhoneExt>66</PhoneExt>
			</Person>
		</Department>
	</Office>
</OrgChart>
