<?xml version="1.0" encoding="UTF-8"?>
<result>
	<user>
		<name>Dee Linquent</name>
		<bid_on_item>Motorcycle</bid_on_item>
		<bid_on_item>Racing Bicycle</bid_on_item>
	</user>
	<user>
		<name>Jack Sprat</name>
		<bid_on_item>Old Bicycle</bid_on_item>
		<bid_on_item>Racing Bicycle</bid_on_item>
	</user>
	<user>
		<name>Mary Doe</name>
		<bid_on_item>Motorcycle</bid_on_item>
		<bid_on_item>Red Bicycle</bid_on_item>
	</user>
	<user>
		<name>Rip Van Winkle</name>
	</user>
	<user>
		<name>Roger Smith</name>
		<bid_on_item>Motorcycle</bid_on_item>
		<bid_on_item>Old Bicycle</bid_on_item>
		<bid_on_item>Racing Bicycle</bid_on_item>
		<bid_on_item>Red Bicycle</bid_on_item>
	</user>
	<user>
		<name>Tom Jones</name>
		<bid_on_item>Motorcycle</bid_on_item>
		<bid_on_item>Tricycle</bid_on_item>
	</user>
</result>