<?xml version="1.0" encoding="UTF-8"?>
<result>
	<item_tuple>
		<itemno>1001</itemno>
		<description>Red Bicycle</description>
		<high_bid>55</high_bid>
	</item_tuple>
	<item_tuple>
		<itemno>1003</itemno>
		<description>Old Bicycle</description>
		<high_bid>20</high_bid>
	</item_tuple>
	<item_tuple>
		<itemno>1007</itemno>
		<description>Racing Bicycle</description>
		<high_bid>225</high_bid>
	</item_tuple>
	<item_tuple>
		<itemno>1008</itemno>
		<description>Broken Bicycle</description>
		<high_bid/>
	</item_tuple>
</result>