<?xml version="1.0" encoding="ISO-8859-1"?> <!-- XML Query Use Cases: http://www.w3.org/TR/xquery-use-cases/Copyright �2003 World Wide Web Consortium, (Massachusetts Institute of Technology, European Research Consortium for Informatics and Mathematics, Keio University). All Rights Reserved. This work is distributed under the W3C� Software License [1] in the hope that it will be useful, but WITHOUT ANY WARRANTY; without even the implied warranty of MERCHANTABILITY or FITNESS FOR A PARTICULAR PURPOSE.[1] http://www.w3.org/Consortium/Legal/2002/copyright-software-20021231--><!DOCTYPE company SYSTEM "company.dtd"><company>   <name>Foobar Corporation</name>   <ticker_symbol>FOO</ticker_symbol>   <description>Foobar Corporation is a maker of Foo(TM) and        Foobar(TM) products and a leading software company with a 300        Billion dollar revenue in 1999. It is located in Alaska.   </description>   <business_code>Software</business_code>   <partners>        <partner>YouNameItWeIntegrateIt.com</partner>        <partner>TheAppCompany Inc.</partner>   </partners>   <competitors>        <competitor>Gorilla Corporation</competitor>   </competitors></company>