<?xml version="1.0"?>
<!-- 
XML Query Use Cases: http://www.w3.org/TR/xquery-use-cases/
Copyright ©2003 World Wide Web Consortium, (Massachusetts Institute of Technology, European Research Consortium for Informatics and Mathematics, Keio University). All Rights Reserved. This work is distributed under the W3C® Software License [1] in the hope that it will be useful, but WITHOUT ANY WARRANTY; without even the implied warranty of MERCHANTABILITY or FITNESS FOR A PARTICULAR PURPOSE.
[1] http://www.w3.org/Consortium/Legal/2002/copyright-software-20021231
-->
<ipo:purchaseOrder xmlns:xsi="http://www.w3.org/2001/XMLSchema-instance" xmlns:ipo="http://www.example.com/IPO" orderDate="1999-12-01">
	<shipTo exportCode="1" xsi:type="ipo:UKAddress">
		<name>Helen Zoe</name>
		<street>47 Eden Street</street>
		<city>Cambridge</city>
		<postcode>CB1 1JR</postcode>
	</shipTo>
	<billTo xsi:type="ipo:USAddress">
		<name>Robert Smith</name>
		<street>8 Oak Avenue</street>
		<city>Old Town</city>
		<state>PA</state>
		<zip>95819</zip>
	</billTo>
	<items>
		<item partNum="833-AA">
			<productName>Lapis necklace</productName>
			<quantity>1</quantity>
			<USPrice>99.95</USPrice>
			<ipo:comment>Want this for the holidays!</ipo:comment>
			<shipDate>1999-12-05</shipDate>
		</item>
	</items>
</ipo:purchaseOrder>
