<?xml version="1.0" encoding="UTF-8"?>
<!-- 
XML Query Use Cases: http://www.w3.org/TR/xquery-use-cases/
Copyright ©2003 World Wide Web Consortium, (Massachusetts Institute of Technology, European Research Consortium for Informatics and Mathematics, Keio University). All Rights Reserved. This work is distributed under the W3C® Software License [1] in the hope that it will be useful, but WITHOUT ANY WARRANTY; without even the implied warranty of MERCHANTABILITY or FITNESS FOR A PARTICULAR PURPOSE.
[1] http://www.w3.org/Consortium/Legal/2002/copyright-software-20021231
-->
<!DOCTYPE items SYSTEM "items.dtd">
<items>
    <item_tuple>
	<itemno>1001</itemno>
	<description>Red Bicycle</description>
	<offered_by>U01</offered_by>
	<start_date>1999-01-05</start_date>
	<end_date>1999-01-20</end_date>
	<reserve_price>40</reserve_price>
    </item_tuple>
    <item_tuple>
	<itemno>1002</itemno>
	<description>Motorcycle</description>
	<offered_by>U02</offered_by>
	<start_date>1999-02-11</start_date>
	<end_date>1999-03-15</end_date>
	<reserve_price>500</reserve_price>
    </item_tuple>
    <item_tuple>
	<itemno>1003</itemno>
	<description>Old Bicycle</description>
	<offered_by>U02</offered_by>
	<start_date>1999-01-10</start_date>
	<end_date>1999-02-20</end_date>
	<reserve_price>25</reserve_price>
    </item_tuple>
    <item_tuple>
	<itemno>1004</itemno>
	<description>Tricycle</description>
	<offered_by>U01</offered_by>
	<start_date>1999-02-25</start_date>
	<end_date>1999-03-08</end_date>
	<reserve_price>15</reserve_price>
    </item_tuple>
    <item_tuple>
	<itemno>1005</itemno>
	<description>Tennis Racket</description>
	<offered_by>U03</offered_by>
	<start_date>1999-03-19</start_date>
	<end_date>1999-04-30</end_date>
	<reserve_price>20</reserve_price>
    </item_tuple>
    <item_tuple>
	<itemno>1006</itemno>
	<description>Helicopter</description>
	<offered_by>U03</offered_by>
	<start_date>1999-05-05</start_date>
	<end_date>1999-05-25</end_date>
	<reserve_price>50000</reserve_price>
    </item_tuple>
    <item_tuple>
	<itemno>1007</itemno>
	<description>Racing Bicycle</description>
	<offered_by>U04</offered_by>
	<start_date>1999-01-20</start_date>
	<end_date>1999-02-20</end_date>
	<reserve_price>200</reserve_price>
    </item_tuple>
    <item_tuple>
	<itemno>1008</itemno>
	<description>Broken Bicycle</description>
	<offered_by>U01</offered_by>
	<start_date>1999-02-05</start_date>
	<end_date>1999-03-06</end_date>
	<reserve_price>25</reserve_price>
    </item_tuple>
</items>
