<?xml version="1.0" encoding="UTF-8"?>
<!-- 
XML Query Use Cases: http://www.w3.org/TR/xquery-use-cases/
Copyright ©2003 World Wide Web Consortium, (Massachusetts Institute of Technology, European Research Consortium for Informatics and Mathematics, Keio University). All Rights Reserved. This work is distributed under the W3C® Software License [1] in the hope that it will be useful, but WITHOUT ANY WARRANTY; without even the implied warranty of MERCHANTABILITY or FITNESS FOR A PARTICULAR PURPOSE.
[1] http://www.w3.org/Consortium/Legal/2002/copyright-software-20021231
-->
  
 <!DOCTYPE users SYSTEM "users.dtd">
<users>
  <user_tuple>
    <userid>U01</userid>
    <name>Tom Jones</name>
    <rating>B</rating>
  </user_tuple>
  <user_tuple>
    <userid>U02</userid>
    <name>Mary Doe</name>
    <rating>A</rating>
  </user_tuple>
  <user_tuple>
    <userid>U03</userid>
    <name>Dee Linquent</name>
    <rating>D</rating>
  </user_tuple>
  <user_tuple>
    <userid>U04</userid>
    <name>Roger Smith</name>
    <rating>C</rating>
  </user_tuple>
  <user_tuple>
    <userid>U05</userid>
    <name>Jack Sprat</name>
    <rating>B</rating>
  </user_tuple>
  <user_tuple>
    <userid>U06</userid>
    <name>Rip Van Winkle</name>
    <rating>B</rating>
  </user_tuple>
</users>
